<?xml version="1.0" encoding="UTF-8"?>
<metadata xml:lang="en"><Esri><CreaDate>20180214</CreaDate><CreaTime>19193000</CreaTime><ArcGISFormat>1.0</ArcGISFormat><SyncOnce>FALSE</SyncOnce><DataProperties><lineage><Process ToolSource="c:\program files (x86)\arcgis\desktop10.5\ArcToolbox\Toolboxes\Data Management Tools.tbx\CalculateField" Date="20170818" Time="084259">CalculateField NER_adm3_IGNN_2017_REACH adm_02 "Arlit" VB #</Process><Process ToolSource="c:\program files (x86)\arcgis\desktop10.5\ArcToolbox\Toolboxes\Data Management Tools.tbx\CalculateField" Date="20170818" Time="084327">CalculateField NER_adm3_IGNN_2017_REACH adm_02 "Iferouane" VB #</Process><Process ToolSource="c:\program files (x86)\arcgis\desktop10.5\ArcToolbox\Toolboxes\Data Management Tools.tbx\CalculateField" Date="20170818" Time="084426">CalculateField NER_adm3_IGNN_2017_REACH adm_02 "Bilma" VB #</Process><Process ToolSource="c:\program files (x86)\arcgis\desktop10.5\ArcToolbox\Toolboxes\Data Management Tools.tbx\CalculateField" Date="20170818" Time="084523">CalculateField NER_adm3_IGNN_2017_REACH adm_02 "Tchirozerine" VB #</Process><Process ToolSource="c:\program files (x86)\arcgis\desktop10.5\ArcToolbox\Toolboxes\Data Management Tools.tbx\CalculateField" Date="20170818" Time="084547">CalculateField NER_adm3_IGNN_2017_REACH adm_02 "Aderbissanat" VB #</Process><Process ToolSource="c:\program files (x86)\arcgis\desktop10.5\ArcToolbox\Toolboxes\Data Management Tools.tbx\CalculateField" Date="20170818" Time="084657">CalculateField NER_adm3_IGNN_2017_REACH adm_02 "Ingall" VB #</Process><Process ToolSource="c:\program files (x86)\arcgis\desktop10.5\ArcToolbox\Toolboxes\Data Management Tools.tbx\CalculateField" Date="20170818" Time="084732">CalculateField NER_adm3_IGNN_2017_REACH adm_01 "Agadezl" VB #</Process><Process ToolSource="c:\program files (x86)\arcgis\desktop10.5\ArcToolbox\Toolboxes\Data Management Tools.tbx\CalculateField" Date="20170818" Time="084740">CalculateField NER_adm3_IGNN_2017_REACH adm_01 "Agadez" VB #</Process><Process ToolSource="c:\program files (x86)\arcgis\desktop10.5\ArcToolbox\Toolboxes\Data Management Tools.tbx\CalculateField" Date="20170818" Time="084825">CalculateField NER_adm3_IGNN_2017_REACH adm_02 "Diffa" VB #</Process><Process ToolSource="c:\program files (x86)\arcgis\desktop10.5\ArcToolbox\Toolboxes\Data Management Tools.tbx\CalculateField" Date="20170818" Time="084851">CalculateField NER_adm3_IGNN_2017_REACH adm_02 "Bosso" VB #</Process><Process ToolSource="c:\program files (x86)\arcgis\desktop10.5\ArcToolbox\Toolboxes\Data Management Tools.tbx\CalculateField" Date="20170818" Time="084941">CalculateField NER_adm3_IGNN_2017_REACH adm_02 "Maine-Soroa" VB #</Process><Process ToolSource="c:\program files (x86)\arcgis\desktop10.5\ArcToolbox\Toolboxes\Data Management Tools.tbx\CalculateField" Date="20170818" Time="085006">CalculateField NER_adm3_IGNN_2017_REACH adm_02 "Goudoumaria" VB #</Process><Process ToolSource="c:\program files (x86)\arcgis\desktop10.5\ArcToolbox\Toolboxes\Data Management Tools.tbx\CalculateField" Date="20170818" Time="085054">CalculateField NER_adm3_IGNN_2017_REACH adm_02 ""N'Guigmi"" VB #</Process><Process ToolSource="c:\program files (x86)\arcgis\desktop10.5\ArcToolbox\Toolboxes\Data Management Tools.tbx\CalculateField" Date="20170818" Time="085112">CalculateField NER_adm3_IGNN_2017_REACH adm_02 ""N'Gourti"" VB #</Process><Process ToolSource="c:\program files (x86)\arcgis\desktop10.5\ArcToolbox\Toolboxes\Data Management Tools.tbx\CalculateField" Date="20170818" Time="085154">CalculateField NER_adm3_IGNN_2017_REACH adm_01 "Diffa" VB #</Process><Process ToolSource="c:\program files (x86)\arcgis\desktop10.5\ArcToolbox\Toolboxes\Data Management Tools.tbx\CalculateField" Date="20170818" Time="085659">CalculateField NER_adm3_IGNN_2017_REACH adm_02 "Boboye" VB #</Process><Process ToolSource="c:\program files (x86)\arcgis\desktop10.5\ArcToolbox\Toolboxes\Data Management Tools.tbx\CalculateField" Date="20170818" Time="085714">CalculateField NER_adm3_IGNN_2017_REACH adm_01 "Dosso" VB #</Process><Process ToolSource="c:\program files (x86)\arcgis\desktop10.5\ArcToolbox\Toolboxes\Data Management Tools.tbx\CalculateField" Date="20170818" Time="085754">CalculateField NER_adm3_IGNN_2017_REACH adm_02 "Falmey" VB #</Process><Process ToolSource="c:\program files (x86)\arcgis\desktop10.5\ArcToolbox\Toolboxes\Data Management Tools.tbx\CalculateField" Date="20170818" Time="085802">CalculateField NER_adm3_IGNN_2017_REACH adm_01 "Dosso" VB #</Process><Process ToolSource="c:\program files (x86)\arcgis\desktop10.5\ArcToolbox\Toolboxes\Data Management Tools.tbx\CalculateField" Date="20170818" Time="085926">CalculateField NER_adm3_IGNN_2017_REACH adm_02 "Dosso" VB #</Process><Process ToolSource="c:\program files (x86)\arcgis\desktop10.5\ArcToolbox\Toolboxes\Data Management Tools.tbx\CalculateField" Date="20170818" Time="085931">CalculateField NER_adm3_IGNN_2017_REACH adm_01 "Dosso" VB #</Process><Process ToolSource="c:\program files (x86)\arcgis\desktop10.5\ArcToolbox\Toolboxes\Data Management Tools.tbx\CalculateField" Date="20170818" Time="090102">CalculateField NER_adm3_IGNN_2017_REACH adm_01 "Dosso" VB #</Process><Process ToolSource="c:\program files (x86)\arcgis\desktop10.5\ArcToolbox\Toolboxes\Data Management Tools.tbx\CalculateField" Date="20170818" Time="090222">CalculateField NER_adm3_IGNN_2017_REACH adm_02 "Dogon-Doutchi" VB #</Process><Process ToolSource="c:\program files (x86)\arcgis\desktop10.5\ArcToolbox\Toolboxes\Data Management Tools.tbx\CalculateField" Date="20170818" Time="090446">CalculateField NER_adm3_IGNN_2017_REACH adm_02 "Tibiri" VB #</Process><Process ToolSource="c:\program files (x86)\arcgis\desktop10.5\ArcToolbox\Toolboxes\Data Management Tools.tbx\CalculateField" Date="20170818" Time="090457">CalculateField NER_adm3_IGNN_2017_REACH adm_01 "Dosso" VB #</Process><Process ToolSource="c:\program files (x86)\arcgis\desktop10.5\ArcToolbox\Toolboxes\Data Management Tools.tbx\CalculateField" Date="20170818" Time="090608">CalculateField NER_adm3_IGNN_2017_REACH adm_01 "Dosso" VB #</Process><Process ToolSource="c:\program files (x86)\arcgis\desktop10.5\ArcToolbox\Toolboxes\Data Management Tools.tbx\CalculateField" Date="20170818" Time="090618">CalculateField NER_adm3_IGNN_2017_REACH adm_02 "Gaya" VB #</Process><Process ToolSource="c:\program files (x86)\arcgis\desktop10.5\ArcToolbox\Toolboxes\Data Management Tools.tbx\CalculateField" Date="20170818" Time="091304">CalculateField NER_adm3_IGNN_2017_REACH adm_02 "Dioudiou" VB #</Process><Process ToolSource="c:\program files (x86)\arcgis\desktop10.5\ArcToolbox\Toolboxes\Data Management Tools.tbx\CalculateField" Date="20170818" Time="091316">CalculateField NER_adm3_IGNN_2017_REACH adm_01 "Dosso" VB #</Process><Process ToolSource="c:\program files (x86)\arcgis\desktop10.5\ArcToolbox\Toolboxes\Data Management Tools.tbx\CalculateField" Date="20170818" Time="091426">CalculateField NER_adm3_IGNN_2017_REACH adm_01 "Dosso" VB #</Process><Process ToolSource="c:\program files (x86)\arcgis\desktop10.5\ArcToolbox\Toolboxes\Data Management Tools.tbx\CalculateField" Date="20170818" Time="091435">CalculateField NER_adm3_IGNN_2017_REACH adm_02 "Loga" VB #</Process><Process ToolSource="c:\program files (x86)\arcgis\desktop10.5\ArcToolbox\Toolboxes\Data Management Tools.tbx\CalculateField" Date="20170818" Time="091531">CalculateField NER_adm3_IGNN_2017_REACH adm_02 "Aguie" VB #</Process><Process ToolSource="c:\program files (x86)\arcgis\desktop10.5\ArcToolbox\Toolboxes\Data Management Tools.tbx\CalculateField" Date="20170818" Time="091546">CalculateField NER_adm3_IGNN_2017_REACH adm_01 "Maradi" VB #</Process><Process ToolSource="c:\program files (x86)\arcgis\desktop10.5\ArcToolbox\Toolboxes\Data Management Tools.tbx\CalculateField" Date="20170818" Time="091601">CalculateField NER_adm3_IGNN_2017_REACH adm_01 "Maradi" VB #</Process><Process ToolSource="c:\program files (x86)\arcgis\desktop10.5\ArcToolbox\Toolboxes\Data Management Tools.tbx\CalculateField" Date="20170818" Time="091612">CalculateField NER_adm3_IGNN_2017_REACH adm_02 "Gazaoua" VB #</Process><Process ToolSource="c:\program files (x86)\arcgis\desktop10.5\ArcToolbox\Toolboxes\Data Management Tools.tbx\CalculateField" Date="20170818" Time="091907">CalculateField NER_adm3_IGNN_2017_REACH adm_01 "Maradi" VB #</Process><Process ToolSource="c:\program files (x86)\arcgis\desktop10.5\ArcToolbox\Toolboxes\Data Management Tools.tbx\CalculateField" Date="20170818" Time="091920">CalculateField NER_adm3_IGNN_2017_REACH adm_02 "Dakoro" VB #</Process><Process ToolSource="c:\program files (x86)\arcgis\desktop10.5\ArcToolbox\Toolboxes\Data Management Tools.tbx\CalculateField" Date="20170818" Time="092011">CalculateField NER_adm3_IGNN_2017_REACH adm_02 "Bermo" VB #</Process><Process ToolSource="c:\program files (x86)\arcgis\desktop10.5\ArcToolbox\Toolboxes\Data Management Tools.tbx\CalculateField" Date="20170818" Time="092022">CalculateField NER_adm3_IGNN_2017_REACH adm_01 "Maradi" VB #</Process><Process ToolSource="c:\program files (x86)\arcgis\desktop10.5\ArcToolbox\Toolboxes\Data Management Tools.tbx\CalculateField" Date="20170818" Time="092323">CalculateField NER_adm3_IGNN_2017_REACH adm_01 "Maradi" VB #</Process><Process ToolSource="c:\program files (x86)\arcgis\desktop10.5\ArcToolbox\Toolboxes\Data Management Tools.tbx\CalculateField" Date="20170818" Time="092338">CalculateField NER_adm3_IGNN_2017_REACH adm_02 "Guidan Roumdji" VB #</Process><Process ToolSource="c:\program files (x86)\arcgis\desktop10.5\ArcToolbox\Toolboxes\Data Management Tools.tbx\CalculateField" Date="20170818" Time="092452">CalculateField NER_adm3_IGNN_2017_REACH adm_01 "Dosso" VB #</Process><Process ToolSource="c:\program files (x86)\arcgis\desktop10.5\ArcToolbox\Toolboxes\Data Management Tools.tbx\CalculateField" Date="20170818" Time="092511">CalculateField NER_adm3_IGNN_2017_REACH adm_02 "Tibiri" VB #</Process><Process ToolSource="c:\program files (x86)\arcgis\desktop10.5\ArcToolbox\Toolboxes\Data Management Tools.tbx\CalculateField" Date="20170818" Time="092527">CalculateField NER_adm3_IGNN_2017_REACH adm_01 "Maradi" VB #</Process><Process ToolSource="c:\program files (x86)\arcgis\desktop10.5\ArcToolbox\Toolboxes\Data Management Tools.tbx\CalculateField" Date="20170818" Time="092551">CalculateField NER_adm3_IGNN_2017_REACH adm_02 "Guidan Roumdji" VB #</Process><Process ToolSource="c:\program files (x86)\arcgis\desktop10.5\ArcToolbox\Toolboxes\Data Management Tools.tbx\CalculateField" Date="20170818" Time="093912">CalculateField NER_adm3_IGNN_2017_REACH adm_01 "Maradi" VB #</Process><Process ToolSource="c:\program files (x86)\arcgis\desktop10.5\ArcToolbox\Toolboxes\Data Management Tools.tbx\CalculateField" Date="20170818" Time="093928">CalculateField NER_adm3_IGNN_2017_REACH adm_02 "Madarounfa" VB #</Process><Process ToolSource="c:\program files (x86)\arcgis\desktop10.5\ArcToolbox\Toolboxes\Data Management Tools.tbx\CalculateField" Date="20170818" Time="094527">CalculateField NER_adm3_IGNN_2017_REACH adm_02 "Mayahi" VB #</Process><Process ToolSource="c:\program files (x86)\arcgis\desktop10.5\ArcToolbox\Toolboxes\Data Management Tools.tbx\CalculateField" Date="20170818" Time="094538">CalculateField NER_adm3_IGNN_2017_REACH adm_01 "Maradi" VB #</Process><Process ToolSource="c:\program files (x86)\arcgis\desktop10.5\ArcToolbox\Toolboxes\Data Management Tools.tbx\CalculateField" Date="20170818" Time="094650">CalculateField NER_adm3_IGNN_2017_REACH adm_01 "Maradi" VB #</Process><Process ToolSource="c:\program files (x86)\arcgis\desktop10.5\ArcToolbox\Toolboxes\Data Management Tools.tbx\CalculateField" Date="20170818" Time="094703">CalculateField NER_adm3_IGNN_2017_REACH adm_02 "Tessaoua" VB #</Process><Process ToolSource="c:\program files (x86)\arcgis\desktop10.5\ArcToolbox\Toolboxes\Data Management Tools.tbx\CalculateField" Date="20170818" Time="094845">CalculateField NER_adm3_IGNN_2017_REACH adm_02 "Abalak" VB #</Process><Process ToolSource="c:\program files (x86)\arcgis\desktop10.5\ArcToolbox\Toolboxes\Data Management Tools.tbx\CalculateField" Date="20170818" Time="094856">CalculateField NER_adm3_IGNN_2017_REACH adm_01 "Tahoua" VB #</Process><Process ToolSource="c:\program files (x86)\arcgis\desktop10.5\ArcToolbox\Toolboxes\Data Management Tools.tbx\CalculateField" Date="20170818" Time="095105">CalculateField NER_adm3_IGNN_2017_REACH adm_01 "Tahoua" VB #</Process><Process ToolSource="c:\program files (x86)\arcgis\desktop10.5\ArcToolbox\Toolboxes\Data Management Tools.tbx\CalculateField" Date="20170818" Time="095115">CalculateField NER_adm3_IGNN_2017_REACH adm_02 "Bouza" VB #</Process><Process ToolSource="c:\program files (x86)\arcgis\desktop10.5\ArcToolbox\Toolboxes\Data Management Tools.tbx\CalculateField" Date="20170818" Time="095234">CalculateField NER_adm3_IGNN_2017_REACH adm_02 "Illela" VB #</Process><Process ToolSource="c:\program files (x86)\arcgis\desktop10.5\ArcToolbox\Toolboxes\Data Management Tools.tbx\CalculateField" Date="20170818" Time="095246">CalculateField NER_adm3_IGNN_2017_REACH adm_01 "Tahoua" VB #</Process><Process ToolSource="c:\program files (x86)\arcgis\desktop10.5\ArcToolbox\Toolboxes\Data Management Tools.tbx\CalculateField" Date="20170818" Time="095256">CalculateField NER_adm3_IGNN_2017_REACH adm_01 "Tahoua" VB #</Process><Process ToolSource="c:\program files (x86)\arcgis\desktop10.5\ArcToolbox\Toolboxes\Data Management Tools.tbx\CalculateField" Date="20170818" Time="095309">CalculateField NER_adm3_IGNN_2017_REACH adm_02 "Bagaroua" VB #</Process><Process ToolSource="c:\program files (x86)\arcgis\desktop10.5\ArcToolbox\Toolboxes\Data Management Tools.tbx\CalculateField" Date="20170818" Time="095413">CalculateField NER_adm3_IGNN_2017_REACH adm_02 "Keita" VB #</Process><Process ToolSource="c:\program files (x86)\arcgis\desktop10.5\ArcToolbox\Toolboxes\Data Management Tools.tbx\CalculateField" Date="20170818" Time="095425">CalculateField NER_adm3_IGNN_2017_REACH adm_01 "Tahoua" VB #</Process><Process ToolSource="c:\program files (x86)\arcgis\desktop10.5\ArcToolbox\Toolboxes\Data Management Tools.tbx\CalculateField" Date="20170818" Time="095557">CalculateField NER_adm3_IGNN_2017_REACH adm_01 "Tahoua" VB #</Process><Process ToolSource="c:\program files (x86)\arcgis\desktop10.5\ArcToolbox\Toolboxes\Data Management Tools.tbx\CalculateField" Date="20170818" Time="095612">CalculateField NER_adm3_IGNN_2017_REACH adm_02 ""Birni N'Konni"" VB #</Process><Process ToolSource="c:\program files (x86)\arcgis\desktop10.5\ArcToolbox\Toolboxes\Data Management Tools.tbx\CalculateField" Date="20170818" Time="101510">CalculateField NER_adm3_IGNN_2017_REACH adm_02 "Malbaza" VB #</Process><Process ToolSource="c:\program files (x86)\arcgis\desktop10.5\ArcToolbox\Toolboxes\Data Management Tools.tbx\CalculateField" Date="20170818" Time="101543">CalculateField NER_adm3_IGNN_2017_REACH adm_01 "Tahoua" VB #</Process><Process ToolSource="c:\program files (x86)\arcgis\desktop10.5\ArcToolbox\Toolboxes\Data Management Tools.tbx\CalculateField" Date="20170818" Time="103907">CalculateField NER_adm3_IGNN_2017_REACH adm_01 "Tahoua" VB #</Process><Process ToolSource="c:\program files (x86)\arcgis\desktop10.5\ArcToolbox\Toolboxes\Data Management Tools.tbx\CalculateField" Date="20170818" Time="103921">CalculateField NER_adm3_IGNN_2017_REACH adm_02 "Madaoua" VB #</Process><Process ToolSource="c:\program files (x86)\arcgis\desktop10.5\ArcToolbox\Toolboxes\Data Management Tools.tbx\CalculateField" Date="20170818" Time="104102">CalculateField NER_adm3_IGNN_2017_REACH adm_01 "Tahoua" VB #</Process><Process ToolSource="c:\program files (x86)\arcgis\desktop10.5\ArcToolbox\Toolboxes\Data Management Tools.tbx\CalculateField" Date="20170818" Time="104106">CalculateField NER_adm3_IGNN_2017_REACH adm_02 "Tahoua" VB #</Process><Process ToolSource="c:\program files (x86)\arcgis\desktop10.5\ArcToolbox\Toolboxes\Data Management Tools.tbx\CalculateField" Date="20170818" Time="104241">CalculateField NER_adm3_IGNN_2017_REACH adm_01 "Tahoua" VB #</Process><Process ToolSource="c:\program files (x86)\arcgis\desktop10.5\ArcToolbox\Toolboxes\Data Management Tools.tbx\CalculateField" Date="20170818" Time="104259">CalculateField NER_adm3_IGNN_2017_REACH adm_02 "Tchintabaraden" VB #</Process><Process ToolSource="c:\program files (x86)\arcgis\desktop10.5\ArcToolbox\Toolboxes\Data Management Tools.tbx\CalculateField" Date="20170818" Time="104319">CalculateField NER_adm3_IGNN_2017_REACH adm_01 "Tahoua" VB #</Process><Process ToolSource="c:\program files (x86)\arcgis\desktop10.5\ArcToolbox\Toolboxes\Data Management Tools.tbx\CalculateField" Date="20170818" Time="104333">CalculateField NER_adm3_IGNN_2017_REACH adm_02 "Tassara" VB #</Process><Process ToolSource="c:\program files (x86)\arcgis\desktop10.5\ArcToolbox\Toolboxes\Data Management Tools.tbx\CalculateField" Date="20170818" Time="104348">CalculateField NER_adm3_IGNN_2017_REACH adm_02 "Tillia" VB #</Process><Process ToolSource="c:\program files (x86)\arcgis\desktop10.5\ArcToolbox\Toolboxes\Data Management Tools.tbx\CalculateField" Date="20170818" Time="104435">CalculateField NER_adm3_IGNN_2017_REACH adm_02 "Tagazar" VB #</Process><Process ToolSource="c:\program files (x86)\arcgis\desktop10.5\ArcToolbox\Toolboxes\Data Management Tools.tbx\CalculateField" Date="20170818" Time="104444">CalculateField NER_adm3_IGNN_2017_REACH adm_01 "Tillaberi" VB #</Process><Process ToolSource="c:\program files (x86)\arcgis\desktop10.5\ArcToolbox\Toolboxes\Data Management Tools.tbx\CalculateField" Date="20170818" Time="105220">CalculateField NER_adm3_IGNN_2017_REACH adm_01 "Tillaberi" VB #</Process><Process ToolSource="c:\program files (x86)\arcgis\desktop10.5\ArcToolbox\Toolboxes\Data Management Tools.tbx\CalculateField" Date="20170818" Time="105233">CalculateField NER_adm3_IGNN_2017_REACH adm_02 "Filingue" VB #</Process><Process ToolSource="c:\program files (x86)\arcgis\desktop10.5\ArcToolbox\Toolboxes\Data Management Tools.tbx\CalculateField" Date="20170818" Time="105328">CalculateField NER_adm3_IGNN_2017_REACH adm_02 "Abala" VB #</Process><Process ToolSource="c:\program files (x86)\arcgis\desktop10.5\ArcToolbox\Toolboxes\Data Management Tools.tbx\CalculateField" Date="20170818" Time="105337">CalculateField NER_adm3_IGNN_2017_REACH adm_01 "Tillaberi" VB #</Process><Process ToolSource="c:\program files (x86)\arcgis\desktop10.5\ArcToolbox\Toolboxes\Data Management Tools.tbx\CalculateField" Date="20170818" Time="105920">CalculateField NER_adm3_IGNN_2017_REACH adm_01 "Tillaberi" VB #</Process><Process ToolSource="c:\program files (x86)\arcgis\desktop10.5\ArcToolbox\Toolboxes\Data Management Tools.tbx\CalculateField" Date="20170818" Time="105930">CalculateField NER_adm3_IGNN_2017_REACH adm_02 "Kollo" VB #</Process><Process ToolSource="c:\program files (x86)\arcgis\desktop10.5\ArcToolbox\Toolboxes\Data Management Tools.tbx\CalculateField" Date="20170818" Time="110309">CalculateField NER_adm3_IGNN_2017_REACH adm_02 "Ouallam" VB #</Process><Process ToolSource="c:\program files (x86)\arcgis\desktop10.5\ArcToolbox\Toolboxes\Data Management Tools.tbx\CalculateField" Date="20170818" Time="110320">CalculateField NER_adm3_IGNN_2017_REACH adm_01 "Tillaberi" VB #</Process><Process ToolSource="c:\program files (x86)\arcgis\desktop10.5\ArcToolbox\Toolboxes\Data Management Tools.tbx\CalculateField" Date="20170818" Time="110450">CalculateField NER_adm3_IGNN_2017_REACH adm_01 "Tillaberi" VB #</Process><Process ToolSource="c:\program files (x86)\arcgis\desktop10.5\ArcToolbox\Toolboxes\Data Management Tools.tbx\CalculateField" Date="20170818" Time="110511">CalculateField NER_adm3_IGNN_2017_REACH adm_02 "Say" VB #</Process><Process ToolSource="c:\program files (x86)\arcgis\desktop10.5\ArcToolbox\Toolboxes\Data Management Tools.tbx\CalculateField" Date="20170818" Time="110603">CalculateField NER_adm3_IGNN_2017_REACH adm_02 "Torodi" VB #</Process><Process ToolSource="c:\program files (x86)\arcgis\desktop10.5\ArcToolbox\Toolboxes\Data Management Tools.tbx\CalculateField" Date="20170818" Time="110616">CalculateField NER_adm3_IGNN_2017_REACH adm_01 "Tillaberi" VB #</Process><Process ToolSource="c:\program files (x86)\arcgis\desktop10.5\ArcToolbox\Toolboxes\Data Management Tools.tbx\CalculateField" Date="20170818" Time="110807">CalculateField NER_adm3_IGNN_2017_REACH adm_01 "Tillaberi" VB #</Process><Process ToolSource="c:\program files (x86)\arcgis\desktop10.5\ArcToolbox\Toolboxes\Data Management Tools.tbx\CalculateField" Date="20170818" Time="110816">CalculateField NER_adm3_IGNN_2017_REACH adm_02 "Tera" VB #</Process><Process ToolSource="c:\program files (x86)\arcgis\desktop10.5\ArcToolbox\Toolboxes\Data Management Tools.tbx\CalculateField" Date="20170818" Time="110900">CalculateField NER_adm3_IGNN_2017_REACH adm_02 "Bankilare" VB #</Process><Process ToolSource="c:\program files (x86)\arcgis\desktop10.5\ArcToolbox\Toolboxes\Data Management Tools.tbx\CalculateField" Date="20170818" Time="110909">CalculateField NER_adm3_IGNN_2017_REACH adm_01 "Tillaberi" VB #</Process><Process ToolSource="c:\program files (x86)\arcgis\desktop10.5\ArcToolbox\Toolboxes\Data Management Tools.tbx\CalculateField" Date="20170818" Time="110940">CalculateField NER_adm3_IGNN_2017_REACH adm_01 "Tillaberi" VB #</Process><Process ToolSource="c:\program files (x86)\arcgis\desktop10.5\ArcToolbox\Toolboxes\Data Management Tools.tbx\CalculateField" Date="20170818" Time="111000">CalculateField NER_adm3_IGNN_2017_REACH adm_02 "Gotheye" VB #</Process><Process ToolSource="c:\program files (x86)\arcgis\desktop10.5\ArcToolbox\Toolboxes\Data Management Tools.tbx\CalculateField" Date="20170818" Time="111838">CalculateField NER_adm3_IGNN_2017_REACH adm_02 "Tillaberi" VB #</Process><Process ToolSource="c:\program files (x86)\arcgis\desktop10.5\ArcToolbox\Toolboxes\Data Management Tools.tbx\CalculateField" Date="20170818" Time="111842">CalculateField NER_adm3_IGNN_2017_REACH adm_01 "Tillaberi" VB #</Process><Process ToolSource="c:\program files (x86)\arcgis\desktop10.5\ArcToolbox\Toolboxes\Data Management Tools.tbx\CalculateField" Date="20170818" Time="111926">CalculateField NER_adm3_IGNN_2017_REACH adm_01 "Tillaberi" VB #</Process><Process ToolSource="c:\program files (x86)\arcgis\desktop10.5\ArcToolbox\Toolboxes\Data Management Tools.tbx\CalculateField" Date="20170818" Time="111941">CalculateField NER_adm3_IGNN_2017_REACH adm_02 "Ayerou" VB #</Process><Process ToolSource="c:\program files (x86)\arcgis\desktop10.5\ArcToolbox\Toolboxes\Data Management Tools.tbx\CalculateField" Date="20170818" Time="112109">CalculateField NER_adm3_IGNN_2017_REACH adm_02 "Goure" VB #</Process><Process ToolSource="c:\program files (x86)\arcgis\desktop10.5\ArcToolbox\Toolboxes\Data Management Tools.tbx\CalculateField" Date="20170818" Time="112119">CalculateField NER_adm3_IGNN_2017_REACH adm_01 "Zinder" VB #</Process><Process ToolSource="c:\program files (x86)\arcgis\desktop10.5\ArcToolbox\Toolboxes\Data Management Tools.tbx\CalculateField" Date="20170818" Time="112135">CalculateField NER_adm3_IGNN_2017_REACH adm_01 "Zinder" VB #</Process><Process ToolSource="c:\program files (x86)\arcgis\desktop10.5\ArcToolbox\Toolboxes\Data Management Tools.tbx\CalculateField" Date="20170818" Time="112148">CalculateField NER_adm3_IGNN_2017_REACH adm_02 "Tasker" VB #</Process><Process ToolSource="c:\program files (x86)\arcgis\desktop10.5\ArcToolbox\Toolboxes\Data Management Tools.tbx\CalculateField" Date="20170818" Time="112315">CalculateField NER_adm3_IGNN_2017_REACH adm_02 "Magaria" VB #</Process><Process ToolSource="c:\program files (x86)\arcgis\desktop10.5\ArcToolbox\Toolboxes\Data Management Tools.tbx\CalculateField" Date="20170818" Time="112329">CalculateField NER_adm3_IGNN_2017_REACH adm_01 "Zinder" VB #</Process><Process ToolSource="c:\program files (x86)\arcgis\desktop10.5\ArcToolbox\Toolboxes\Data Management Tools.tbx\CalculateField" Date="20170818" Time="112449">CalculateField NER_adm3_IGNN_2017_REACH adm_01 "Zinder" VB #</Process><Process ToolSource="c:\program files (x86)\arcgis\desktop10.5\ArcToolbox\Toolboxes\Data Management Tools.tbx\CalculateField" Date="20170818" Time="112500">CalculateField NER_adm3_IGNN_2017_REACH adm_02 "Dungass" VB #</Process><Process ToolSource="c:\program files (x86)\arcgis\desktop10.5\ArcToolbox\Toolboxes\Data Management Tools.tbx\CalculateField" Date="20170818" Time="112650">CalculateField NER_adm3_IGNN_2017_REACH adm_02 "Kantche" VB #</Process><Process ToolSource="c:\program files (x86)\arcgis\desktop10.5\ArcToolbox\Toolboxes\Data Management Tools.tbx\CalculateField" Date="20170818" Time="112700">CalculateField NER_adm3_IGNN_2017_REACH adm_01 "Zinder" VB #</Process><Process ToolSource="c:\program files (x86)\arcgis\desktop10.5\ArcToolbox\Toolboxes\Data Management Tools.tbx\CalculateField" Date="20170818" Time="113045">CalculateField NER_adm3_IGNN_2017_REACH adm_01 "Zinder" VB #</Process><Process ToolSource="c:\program files (x86)\arcgis\desktop10.5\ArcToolbox\Toolboxes\Data Management Tools.tbx\CalculateField" Date="20170818" Time="113056">CalculateField NER_adm3_IGNN_2017_REACH adm_02 "Mirriah" VB #</Process><Process ToolSource="c:\program files (x86)\arcgis\desktop10.5\ArcToolbox\Toolboxes\Data Management Tools.tbx\CalculateField" Date="20170818" Time="113429">CalculateField NER_adm3_IGNN_2017_REACH adm_02 "Damagaram Takaya" VB #</Process><Process ToolSource="c:\program files (x86)\arcgis\desktop10.5\ArcToolbox\Toolboxes\Data Management Tools.tbx\CalculateField" Date="20170818" Time="113443">CalculateField NER_adm3_IGNN_2017_REACH adm_01 "Zinder" VB #</Process><Process ToolSource="c:\program files (x86)\arcgis\desktop10.5\ArcToolbox\Toolboxes\Data Management Tools.tbx\CalculateField" Date="20170818" Time="113524">CalculateField NER_adm3_IGNN_2017_REACH adm_01 "Zinder" VB #</Process><Process ToolSource="c:\program files (x86)\arcgis\desktop10.5\ArcToolbox\Toolboxes\Data Management Tools.tbx\CalculateField" Date="20170818" Time="113534">CalculateField NER_adm3_IGNN_2017_REACH adm_02 "Takeita" VB #</Process><Process ToolSource="c:\program files (x86)\arcgis\desktop10.5\ArcToolbox\Toolboxes\Data Management Tools.tbx\CalculateField" Date="20170818" Time="113607">CalculateField NER_adm3_IGNN_2017_REACH adm_02 "Tarka" VB #</Process><Process ToolSource="c:\program files (x86)\arcgis\desktop10.5\ArcToolbox\Toolboxes\Data Management Tools.tbx\CalculateField" Date="20170818" Time="113616">CalculateField NER_adm3_IGNN_2017_REACH adm_01 "Zinder" VB #</Process><Process ToolSource="c:\program files (x86)\arcgis\desktop10.5\ArcToolbox\Toolboxes\Data Management Tools.tbx\CalculateField" Date="20170818" Time="113754">CalculateField NER_adm3_IGNN_2017_REACH adm_01 "Zinder" VB #</Process><Process ToolSource="c:\program files (x86)\arcgis\desktop10.5\ArcToolbox\Toolboxes\Data Management Tools.tbx\CalculateField" Date="20170818" Time="113815">CalculateField NER_adm3_IGNN_2017_REACH adm_02 "Tanout" VB #</Process><Process ToolSource="c:\program files (x86)\arcgis\desktop10.5\ArcToolbox\Toolboxes\Data Management Tools.tbx\CalculateField" Date="20170818" Time="113828">CalculateField NER_adm3_IGNN_2017_REACH adm_02 "Anguie" VB #</Process><Process ToolSource="c:\program files (x86)\arcgis\desktop10.5\ArcToolbox\Toolboxes\Data Management Tools.tbx\CalculateField" Date="20170818" Time="113842">CalculateField NER_adm3_IGNN_2017_REACH adm_01 "Maradi" VB #</Process><Process ToolSource="c:\program files (x86)\arcgis\desktop10.5\ArcToolbox\Toolboxes\Data Management Tools.tbx\CalculateField" Date="20170818" Time="113915">CalculateField NER_adm3_IGNN_2017_REACH adm_02 "Aguie" VB #</Process><Process ToolSource="c:\program files (x86)\arcgis\desktop10.5\ArcToolbox\Toolboxes\Data Management Tools.tbx\CalculateField" Date="20170818" Time="114006">CalculateField NER_adm3_IGNN_2017_REACH adm_01 "Niamey" VB #</Process><Process ToolSource="c:\program files (x86)\arcgis\desktop10.5\ArcToolbox\Toolboxes\Data Management Tools.tbx\CalculateField" Date="20170818" Time="114017">CalculateField NER_adm3_IGNN_2017_REACH adm_02 "Neant" VB #</Process><Process ToolSource="c:\program files (x86)\arcgis\desktop10.5\ArcToolbox\Toolboxes\Data Management Tools.tbx\CalculateField" Date="20170818" Time="145533">CalculateField NER_adm3_IGNN_2017_REACH adm_03 [NOM_COM] VB #</Process><Process ToolSource="c:\program files (x86)\arcgis\desktop10.5\ArcToolbox\Toolboxes\Data Management Tools.tbx\CalculateField" Date="20170818" Time="173205">CalculateField NER_adm3_IGNN_2017_REACH rowcacode1 "NER001" VB #</Process><Process ToolSource="c:\program files (x86)\arcgis\desktop10.5\ArcToolbox\Toolboxes\Data Management Tools.tbx\CalculateField" Date="20170818" Time="173227">CalculateField NER_adm3_IGNN_2017_REACH rowcacode1 "NER002" VB #</Process><Process ToolSource="c:\program files (x86)\arcgis\desktop10.5\ArcToolbox\Toolboxes\Data Management Tools.tbx\CalculateField" Date="20170818" Time="173259">CalculateField NER_adm3_IGNN_2017_REACH rowcacode1 "NER003" VB #</Process><Process ToolSource="c:\program files (x86)\arcgis\desktop10.5\ArcToolbox\Toolboxes\Data Management Tools.tbx\CalculateField" Date="20170818" Time="173329">CalculateField NER_adm3_IGNN_2017_REACH rowcacode1 "NER004" VB #</Process><Process ToolSource="c:\program files (x86)\arcgis\desktop10.5\ArcToolbox\Toolboxes\Data Management Tools.tbx\CalculateField" Date="20170818" Time="173404">CalculateField NER_adm3_IGNN_2017_REACH rowcacode1 "NER008" VB #</Process><Process ToolSource="c:\program files (x86)\arcgis\desktop10.5\ArcToolbox\Toolboxes\Data Management Tools.tbx\CalculateField" Date="20170818" Time="173429">CalculateField NER_adm3_IGNN_2017_REACH rowcacode1 "NER005" VB #</Process><Process ToolSource="c:\program files (x86)\arcgis\desktop10.5\ArcToolbox\Toolboxes\Data Management Tools.tbx\CalculateField" Date="20170818" Time="173449">CalculateField NER_adm3_IGNN_2017_REACH rowcacode1 "NER006" VB #</Process><Process ToolSource="c:\program files (x86)\arcgis\desktop10.5\ArcToolbox\Toolboxes\Data Management Tools.tbx\CalculateField" Date="20170818" Time="173502">CalculateField NER_adm3_IGNN_2017_REACH rowcacode1 "NER007" VB #</Process><Process ToolSource="c:\program files (x86)\arcgis\desktop10.5\ArcToolbox\Toolboxes\Data Management Tools.tbx\CalculateField" Date="20170818" Time="173655">CalculateField NER_adm3_IGNN_2017_REACH rowcacode2 "NER006001" VB #</Process><Process ToolSource="c:\program files (x86)\arcgis\desktop10.5\ArcToolbox\Toolboxes\Data Management Tools.tbx\CalculateField" Date="20170818" Time="173713">CalculateField NER_adm3_IGNN_2017_REACH rowcacode2 "NER005001" VB #</Process><Process ToolSource="c:\program files (x86)\arcgis\desktop10.5\ArcToolbox\Toolboxes\Data Management Tools.tbx\CalculateField" Date="20170818" Time="173738">CalculateField NER_adm3_IGNN_2017_REACH rowcacode2 "NER001001" VB #</Process><Process ToolSource="c:\program files (x86)\arcgis\desktop10.5\ArcToolbox\Toolboxes\Data Management Tools.tbx\CalculateField" Date="20170818" Time="173759">CalculateField NER_adm3_IGNN_2017_REACH rowcacode2 "NER004001" VB #</Process><Process ToolSource="c:\program files (x86)\arcgis\desktop10.5\ArcToolbox\Toolboxes\Data Management Tools.tbx\CalculateField" Date="20170818" Time="173820">CalculateField NER_adm3_IGNN_2017_REACH rowcacode2 "NER001002" VB #</Process><Process ToolSource="c:\program files (x86)\arcgis\desktop10.5\ArcToolbox\Toolboxes\Data Management Tools.tbx\CalculateField" Date="20170818" Time="173842">CalculateField NER_adm3_IGNN_2017_REACH rowcacode2 "NER006002" VB #</Process><Process ToolSource="c:\program files (x86)\arcgis\desktop10.5\ArcToolbox\Toolboxes\Data Management Tools.tbx\CalculateField" Date="20170818" Time="173919">CalculateField NER_adm3_IGNN_2017_REACH rowcacode2 "NER005002" VB #</Process><Process ToolSource="c:\program files (x86)\arcgis\desktop10.5\ArcToolbox\Toolboxes\Data Management Tools.tbx\CalculateField" Date="20170818" Time="173934">CalculateField NER_adm3_IGNN_2017_REACH rowcacode2 "NER006003" VB #</Process><Process ToolSource="c:\program files (x86)\arcgis\desktop10.5\ArcToolbox\Toolboxes\Data Management Tools.tbx\CalculateField" Date="20170818" Time="174005">CalculateField NER_adm3_IGNN_2017_REACH rowcacode2 "NER006004" VB #</Process><Process ToolSource="c:\program files (x86)\arcgis\desktop10.5\ArcToolbox\Toolboxes\Data Management Tools.tbx\CalculateField" Date="20170818" Time="174026">CalculateField NER_adm3_IGNN_2017_REACH rowcacode2 "NER004002" VB #</Process><Process ToolSource="c:\program files (x86)\arcgis\desktop10.5\ArcToolbox\Toolboxes\Data Management Tools.tbx\CalculateField" Date="20170818" Time="174052">CalculateField NER_adm3_IGNN_2017_REACH rowcacode2 "NER001003" VB #</Process><Process ToolSource="c:\program files (x86)\arcgis\desktop10.5\ArcToolbox\Toolboxes\Data Management Tools.tbx\CalculateField" Date="20170818" Time="180332">CalculateField NER_adm3_IGNN_2017_REACH rowcacode2 [rowcacode1] VB #</Process><Process ToolSource="c:\program files (x86)\arcgis\desktop10.5\ArcToolbox\Toolboxes\Data Management Tools.tbx\CalculateField" Date="20170818" Time="182018">CalculateField NER_adm3_IGNN_2017_REACH rowcacode3 [rowcacode2] VB #</Process><Process ToolSource="c:\program files (x86)\arcgis\desktop10.5\ArcToolbox\Toolboxes\Data Management Tools.tbx\CalculateField" Date="20180206" Time="165241">CalculateField IGNNn\NER_adm3_IGNN_REACH_2017 adm_01 "Tillabery" VB #</Process><Process ToolSource="c:\program files (x86)\arcgis\desktop10.5\ArcToolbox\Toolboxes\Data Management Tools.tbx\CalculateField" Date="20180206" Time="165740">CalculateField IGNNn\NER_adm3_IGNN_REACH_2017 adm_03 "Maine-Soroa" VB #</Process><Process ToolSource="c:\program files (x86)\arcgis\desktop10.5\ArcToolbox\Toolboxes\Data Management Tools.tbx\CalculateField" Date="20180212" Time="165228">CalculateField IGNNn\NER_adm3_IGNN_REACH_2017 adm_01 "Tillaberi" VB #</Process><Process ToolSource="c:\program files (x86)\arcgis\desktop10.5\ArcToolbox\Toolboxes\Data Management Tools.tbx\CalculateField" Date="20180212" Time="165303">CalculateField IGNNn\NER_adm3_IGNN_REACH_2017 adm_02 "Tillaberi" VB #</Process><Process ToolSource="c:\program files (x86)\arcgis\desktop10.5\ArcToolbox\Toolboxes\Data Management Tools.tbx\CalculateField" Date="20180212" Time="165314">CalculateField IGNNn\NER_adm3_IGNN_REACH_2017 adm_03 "Tillaberi" VB #</Process><Process ToolSource="c:\program files (x86)\arcgis\desktop10.5\ArcToolbox\Toolboxes\Data Management Tools.tbx\CalculateField" Date="20180212" Time="165356">CalculateField IGNNn\NER_adm3_IGNN_REACH_2017 adm_03 "Dioundiou" VB #</Process><Process ToolSource="c:\program files (x86)\arcgis\desktop10.5\ArcToolbox\Toolboxes\Data Management Tools.tbx\CalculateField" Date="20180212" Time="165408">CalculateField IGNNn\NER_adm3_IGNN_REACH_2017 adm_02 "Dioundiou" VB #</Process><Process ToolSource="c:\program files (x86)\arcgis\desktop10.5\ArcToolbox\Toolboxes\Data Management Tools.tbx\CalculateField" Date="20180212" Time="165454">CalculateField IGNNn\NER_adm3_IGNN_REACH_2017 adm_03 "Dogondoutchi" VB #</Process><Process ToolSource="c:\program files (x86)\arcgis\desktop10.5\ArcToolbox\Toolboxes\Data Management Tools.tbx\CalculateField" Date="20180212" Time="165504">CalculateField IGNNn\NER_adm3_IGNN_REACH_2017 adm_02 "Dogondoutchi" VB #</Process><Process ToolSource="c:\program files (x86)\arcgis\desktop10.5\ArcToolbox\Toolboxes\Data Management Tools.tbx\CalculateField" Date="20180212" Time="165737">CalculateField IGNNn\NER_adm3_IGNN_REACH_2017 adm_03 "Tesker" VB #</Process><Process ToolSource="c:\program files (x86)\arcgis\desktop10.5\ArcToolbox\Toolboxes\Data Management Tools.tbx\CalculateField" Date="20180212" Time="165753">CalculateField IGNNn\NER_adm3_IGNN_REACH_2017 adm_02 "Tesker" VB #</Process><Process ToolSource="c:\program files (x86)\arcgis\desktop10.5\ArcToolbox\Toolboxes\Data Management Tools.tbx\CalculateField" Date="20180212" Time="165802">CalculateField IGNNn\NER_adm3_IGNN_REACH_2017 NOM_COM "TESKER" VB #</Process><Process ToolSource="c:\program files (x86)\arcgis\desktop10.5\ArcToolbox\Toolboxes\Data Management Tools.tbx\CalculateField" Date="20180212" Time="165919">CalculateField IGNNn\NER_adm3_IGNN_REACH_2017 adm_03 "KABLEWA" VB #</Process><Process ToolSource="c:\program files (x86)\arcgis\desktop10.5\ArcToolbox\Toolboxes\Data Management Tools.tbx\CalculateField" Date="20180212" Time="165924">CalculateField IGNNn\NER_adm3_IGNN_REACH_2017 NOM_COM "KABLEWA" VB #</Process><Process ToolSource="c:\program files (x86)\arcgis\desktop10.5\ArcToolbox\Toolboxes\Data Management Tools.tbx\CalculateField" Date="20180212" Time="165933">CalculateField IGNNn\NER_adm3_IGNN_REACH_2017 adm_03 "Kablewa" VB #</Process><Process ToolSource="c:\program files (x86)\arcgis\desktop10.5\ArcToolbox\Toolboxes\Data Management Tools.tbx\CalculateField" Date="20180212" Time="170011">CalculateField IGNNn\NER_adm3_IGNN_REACH_2017 adm_03 "Harikanassou" VB #</Process><Process ToolSource="c:\program files (x86)\arcgis\desktop10.5\ArcToolbox\Toolboxes\Data Management Tools.tbx\CalculateField" Date="20180212" Time="170032">CalculateField IGNNn\NER_adm3_IGNN_REACH_2017 adm_03 "Inates" VB #</Process><Process ToolSource="c:\program files (x86)\arcgis\desktop10.5\ArcToolbox\Toolboxes\Data Management Tools.tbx\CalculateField" Date="20180212" Time="170155">CalculateField IGNNn\NER_adm3_IGNN_REACH_2017 adm_03 "Ayerou" VB #</Process><Process ToolSource="c:\program files (x86)\arcgis\desktop10.5\ArcToolbox\Toolboxes\Data Management Tools.tbx\CalculateField" Date="20180212" Time="170208">CalculateField IGNNn\NER_adm3_IGNN_REACH_2017 adm_02 "Ayerou" VB #</Process><Process ToolSource="c:\program files (x86)\arcgis\desktop10.5\ArcToolbox\Toolboxes\Data Management Tools.tbx\CalculateField" Date="20180212" Time="170302">CalculateField IGNNn\NER_adm3_IGNN_REACH_2017 NOM_COM "DIANTCHANDOU" VB #</Process><Process ToolSource="c:\program files (x86)\arcgis\desktop10.5\ArcToolbox\Toolboxes\Data Management Tools.tbx\CalculateField" Date="20180212" Time="170314">CalculateField IGNNn\NER_adm3_IGNN_REACH_2017 adm_03 "Diantchandou" VB #</Process><Process ToolSource="c:\program files (x86)\arcgis\desktop10.5\ArcToolbox\Toolboxes\Data Management Tools.tbx\CalculateField" Date="20180212" Time="170546">CalculateField IGNNn\NER_adm3_IGNN_REACH_2017 adm_02 "Bermo" VB #</Process><Process ToolSource="c:\program files (x86)\arcgis\desktop10.5\ArcToolbox\Toolboxes\Data Management Tools.tbx\CalculateField" Date="20180212" Time="170805">CalculateField IGNNn\NER_adm3_IGNN_REACH_2017 adm_02 "Gazaoua" VB #</Process><Process ToolSource="c:\program files (x86)\arcgis\desktop10.5\ArcToolbox\Toolboxes\Data Management Tools.tbx\CalculateField" Date="20180212" Time="171326">CalculateField IGNNn\NER_adm3_IGNN_REACH_2017 adm_02 "Niamey" VB #</Process><Process ToolSource="c:\program files (x86)\arcgis\desktop10.5\ArcToolbox\Toolboxes\Data Management Tools.tbx\CalculateField" Date="20180212" Time="171432">CalculateField IGNNn\NER_adm3_IGNN_REACH_2017 adm_02 "Balleyara" VB #</Process><Process ToolSource="c:\program files (x86)\arcgis\desktop10.5\ArcToolbox\Toolboxes\Data Management Tools.tbx\CalculateField" Date="20180212" Time="171656">CalculateField IGNNn\NER_adm3_IGNN_REACH_2017 adm_02 "Ville de Tahoua" VB #</Process><Process ToolSource="c:\program files (x86)\arcgis\desktop10.5\ArcToolbox\Toolboxes\Data Management Tools.tbx\CalculateField" Date="20180212" Time="171818">CalculateField IGNNn\NER_adm3_IGNN_REACH_2017 adm_02 "Belbedji" VB #</Process><Process ToolSource="c:\program files (x86)\arcgis\desktop10.5\ArcToolbox\Toolboxes\Data Management Tools.tbx\CalculateField" Date="20180212" Time="172017">CalculateField IGNNn\NER_adm3_IGNN_REACH_2017 adm_02 "Iferouane" VB #</Process><Process ToolSource="c:\program files (x86)\arcgis\desktop10.5\ArcToolbox\Toolboxes\Data Management Tools.tbx\CalculateField" Date="20180212" Time="172255">CalculateField IGNNn\NER_adm3_IGNN_REACH_2017 adm_02 "Damagaram Takaya" VB #</Process><Process ToolSource="c:\program files (x86)\arcgis\desktop10.5\ArcToolbox\Toolboxes\Data Management Tools.tbx\CalculateField" Date="20180212" Time="172457">CalculateField IGNNn\NER_adm3_IGNN_REACH_2017 adm_02 "Zinder" VB #</Process><Process ToolSource="c:\program files (x86)\arcgis\desktop10.5\ArcToolbox\Toolboxes\Data Management Tools.tbx\CalculateField" Date="20180214" Time="182356">CalculateField IGNNn\NER_adm3_IGNN_REACH_2017 rowcacode2 "NER004008" VB #</Process><Process ToolSource="c:\program files (x86)\arcgis\desktop10.5\ArcToolbox\Toolboxes\Data Management Tools.tbx\CalculateField" Date="20180214" Time="182453">CalculateField IGNNn\NER_adm3_IGNN_REACH_2017 rowcacode2 "NER004009" VB #</Process><Process ToolSource="c:\program files (x86)\arcgis\desktop10.5\ArcToolbox\Toolboxes\Data Management Tools.tbx\CalculateField" Date="20180214" Time="183011">CalculateField IGNNn\NER_adm3_IGNN_REACH_2017 rowcacode2 "NER006008" VB #</Process><Process ToolSource="c:\program files (x86)\arcgis\desktop10.5\ArcToolbox\Toolboxes\Data Management Tools.tbx\CalculateField" Date="20180214" Time="183247">CalculateField IGNNn\NER_adm3_IGNN_REACH_2017 rowcacode2 "NER007002" VB #</Process><Process ToolSource="c:\program files (x86)\arcgis\desktop10.5\ArcToolbox\Toolboxes\Data Management Tools.tbx\CalculateField" Date="20180214" Time="183326">CalculateField IGNNn\NER_adm3_IGNN_REACH_2017 rowcacode2 "NER007003" VB #</Process><Process ToolSource="c:\program files (x86)\arcgis\desktop10.5\ArcToolbox\Toolboxes\Data Management Tools.tbx\CalculateField" Date="20180214" Time="183347">CalculateField IGNNn\NER_adm3_IGNN_REACH_2017 rowcacode2 "NER007004" VB #</Process><Process ToolSource="c:\program files (x86)\arcgis\desktop10.5\ArcToolbox\Toolboxes\Data Management Tools.tbx\CalculateField" Date="20180214" Time="183414">CalculateField IGNNn\NER_adm3_IGNN_REACH_2017 rowcacode2 "NER007005" VB #</Process><Process ToolSource="c:\program files (x86)\arcgis\desktop10.5\ArcToolbox\Toolboxes\Data Management Tools.tbx\CalculateField" Date="20180214" Time="183439">CalculateField IGNNn\NER_adm3_IGNN_REACH_2017 rowcacode2 "NER007006" VB #</Process><Process ToolSource="c:\program files (x86)\arcgis\desktop10.5\ArcToolbox\Toolboxes\Data Management Tools.tbx\CalculateField" Date="20180214" Time="183509">CalculateField IGNNn\NER_adm3_IGNN_REACH_2017 rowcacode2 "NER007007" VB #</Process><Process ToolSource="c:\program files (x86)\arcgis\desktop10.5\ArcToolbox\Toolboxes\Data Management Tools.tbx\CalculateField" Date="20180214" Time="183545">CalculateField IGNNn\NER_adm3_IGNN_REACH_2017 rowcacode2 "NER007008" VB #</Process><Process ToolSource="c:\program files (x86)\arcgis\desktop10.5\ArcToolbox\Toolboxes\Data Management Tools.tbx\CalculateField" Date="20180214" Time="183603">CalculateField IGNNn\NER_adm3_IGNN_REACH_2017 rowcacode2 "NER007009" VB #</Process><Process ToolSource="c:\program files (x86)\arcgis\desktop10.5\ArcToolbox\Toolboxes\Data Management Tools.tbx\CalculateField" Date="20180214" Time="183645">CalculateField IGNNn\NER_adm3_IGNN_REACH_2017 rowcacode2 "NER007011" VB #</Process><Process ToolSource="c:\program files (x86)\arcgis\desktop10.5\ArcToolbox\Toolboxes\Data Management Tools.tbx\Dissolve" Date="20180214" Time="184217">Dissolve IGNNn\NER_adm3_IGNN_REACH_2017 C:\Users\sebastian.langer\Dropbox\1_REACH_NIGER\05_GIS\05b_Spatial_Data\01_REACH_geodatabase\REACH_NER.gdb\Admin\NER_adm2_IGNN_REACH_2017 adm_02 "adm_01 FIRST;rowcacode1 FIRST;rowcacode2 FIRST" MULTI_PART DISSOLVE_LINES</Process><Process ToolSource="c:\program files (x86)\arcgis\desktop10.5\ArcToolbox\Toolboxes\Data Management Tools.tbx\CalculateField" Date="20180214" Time="184514">CalculateField IGNNn\NER_adm2_IGNN_REACH_2017 adm_01 [FIRST_adm_01] VB #</Process><Process ToolSource="c:\program files (x86)\arcgis\desktop10.5\ArcToolbox\Toolboxes\Data Management Tools.tbx\CalculateField" Date="20180214" Time="184533">CalculateField IGNNn\NER_adm2_IGNN_REACH_2017 adm_01 [FIRST_adm_01] VB #</Process><Process ToolSource="c:\program files (x86)\arcgis\desktop10.5\ArcToolbox\Toolboxes\Data Management Tools.tbx\CalculateField" Date="20180214" Time="184607">CalculateField IGNNn\NER_adm2_IGNN_REACH_2017 adm_01 [FIRST_adm_01] VB #</Process><Process ToolSource="c:\program files (x86)\arcgis\desktop10.5\ArcToolbox\Toolboxes\Data Management Tools.tbx\CalculateField" Date="20180214" Time="184652">CalculateField IGNNn\NER_adm2_IGNN_REACH_2017 rowcacode1 [FIRST_rowcacode1] VB #</Process><Process ToolSource="c:\program files (x86)\arcgis\desktop10.5\ArcToolbox\Toolboxes\Data Management Tools.tbx\CalculateField" Date="20180214" Time="184723">CalculateField IGNNn\NER_adm2_IGNN_REACH_2017 adm_01 [FIRST_adm_01] VB #</Process><Process ToolSource="c:\program files (x86)\arcgis\desktop10.5\ArcToolbox\Toolboxes\Data Management Tools.tbx\CalculateField" Date="20180214" Time="184732">CalculateField IGNNn\NER_adm2_IGNN_REACH_2017 adm_01 [FIRST_adm_01] VB #</Process><Process ToolSource="c:\program files (x86)\arcgis\desktop10.5\ArcToolbox\Toolboxes\Data Management Tools.tbx\CalculateField" Date="20180214" Time="185026">CalculateField IGNNn\NER_adm2_IGNN_REACH_2017 adm_01 [FIRST_adm_01] VB #</Process><Process ToolSource="c:\program files (x86)\arcgis\desktop10.5\ArcToolbox\Toolboxes\Data Management Tools.tbx\CalculateField" Date="20180214" Time="185156">CalculateField IGNNn\NER_adm2_IGNN_REACH_2017 rowcacode1 [FIRST_rowcacode1] VB #</Process><Process ToolSource="c:\program files (x86)\arcgis\desktop10.5\ArcToolbox\Toolboxes\Data Management Tools.tbx\CalculateField" Date="20180214" Time="185232">CalculateField IGNNn\NER_adm2_IGNN_REACH_2017 rowcacode2 [FIRST_rowcacode2] VB #</Process><Process ToolSource="c:\program files (x86)\arcgis\desktop10.5\ArcToolbox\Toolboxes\Data Management Tools.tbx\CalculateField" Date="20180214" Time="185408">CalculateField IGNNn\NER_adm2_IGNN_REACH_2017 NOMDEP UCase( [adm_02] ) VB #</Process><Process ToolSource="c:\program files (x86)\arcgis\desktop10.5\ArcToolbox\Toolboxes\Data Management Tools.tbx\Dissolve" Date="20180214" Time="185728">Dissolve IGNNn\NER_adm2_IGNN_REACH_2017 C:\Users\sebastian.langer\Dropbox\1_REACH_NIGER\05_GIS\05b_Spatial_Data\01_REACH_geodatabase\REACH_NER.gdb\Admin\NER_adm1_IGNN_REACH_2017 adm_01 "rowcacode1 FIRST" MULTI_PART DISSOLVE_LINES</Process><Process ToolSource="c:\program files (x86)\arcgis\desktop10.5\ArcToolbox\Toolboxes\Data Management Tools.tbx\CalculateField" Date="20180214" Time="185832">CalculateField IGNNn\NER_adm1_IGNN_REACH_2017 rowcacode1 [FIRST_rowcacode1] VB #</Process><Process ToolSource="c:\program files (x86)\arcgis\desktop10.5\ArcToolbox\Toolboxes\Data Management Tools.tbx\CalculateField" Date="20180214" Time="185855">CalculateField IGNNn\NER_adm1_IGNN_REACH_2017 NOMREG UCase( [adm_01] ) VB #</Process><Process ToolSource="c:\program files (x86)\arcgis\desktop10.5\ArcToolbox\Toolboxes\Data Management Tools.tbx\CalculateField" Date="20180214" Time="185911">CalculateField IGNNn\NER_adm1_IGNN_REACH_2017 NOMREG "TILLABERI" VB #</Process><Process ToolSource="c:\program files (x86)\arcgis\desktop10.5\ArcToolbox\Toolboxes\Data Management Tools.tbx\CalculateField" Date="20180214" Time="190024">CalculateField IGNNn\NER_adm1_IGNN_REACH_2017 ISO3 "NER" VB #</Process><Process ToolSource="c:\program files (x86)\arcgis\desktop10.5\ArcToolbox\Toolboxes\Data Management Tools.tbx\CalculateField" Date="20180214" Time="190342">CalculateField IGNNn\NER_adm1_IGNN_REACH_2017 ISO2 "NE" VB #</Process><Process ToolSource="c:\program files (x86)\arcgis\desktop10.5\ArcToolbox\Toolboxes\Data Management Tools.tbx\Dissolve" Date="20180214" Time="190449">Dissolve IGNNn\NER_adm1_IGNN_REACH_2017 C:\Users\sebastian.langer\Dropbox\1_REACH_NIGER\05_GIS\05b_Spatial_Data\01_REACH_geodatabase\REACH_NER.gdb\Admin\NER_adm0_IGNN_REACH_2017 ISO3 # MULTI_PART DISSOLVE_LINES</Process><Process ToolSource="c:\program files (x86)\arcgis\desktop10.5\ArcToolbox\Toolboxes\Data Management Tools.tbx\CalculateField" Date="20180214" Time="190523">CalculateField IGNNn\NER_adm0_IGNN_REACH_2017 ISO2 "NE" VB #</Process><Process ToolSource="c:\program files (x86)\arcgis\desktop10.5\ArcToolbox\Toolboxes\Data Management Tools.tbx\CalculateField" Date="20180214" Time="190618">CalculateField IGNNn\NER_adm0_IGNN_REACH_2017 NOMPAY "NIGER" VB #</Process><Process ToolSource="c:\program files (x86)\arcgis\desktop10.5\ArcToolbox\Toolboxes\Data Management Tools.tbx\CalculateField" Date="20180214" Time="190652">CalculateField IGNNn\NER_adm0_IGNN_REACH_2017 Pays "Niger" VB #</Process><Process ToolSource="c:\program files (x86)\arcgis\desktop10.5\ArcToolbox\Toolboxes\Data Management Tools.tbx\CalculateField" Date="20180214" Time="191521">CalculateField IGNNn\NER_adm0_IGNN_REACH_2017 adm_00 [Pays] VB #</Process></lineage><itemProps><itemLocation><linkage Sync="TRUE">file://\\HTI-LPTP-001\C$\Users\sebastian.langer\Dropbox\1_REACH_NIGER\05_GIS\05b_Spatial_Data\01_REACH_geodatabase\REACH_NER.gdb</linkage><protocol Sync="TRUE">Local Area Network</protocol></itemLocation><itemName Sync="TRUE">NER_adm0_IGNN_REACH_2017</itemName><imsContentType Sync="TRUE">002</imsContentType></itemProps><coordRef><type Sync="TRUE">Geographic</type><geogcsn Sync="TRUE">GCS_WGS_1984</geogcsn><csUnits Sync="TRUE">Angular Unit: Degree (0.017453)</csUnits><peXml Sync="TRUE">&lt;GeographicCoordinateSystem xsi:type='typens:GeographicCoordinateSystem' xmlns:xsi='http://www.w3.org/2001/XMLSchema-instance' xmlns:xs='http://www.w3.org/2001/XMLSchema' xmlns:typens='http://www.esri.com/schemas/ArcGIS/10.5'&gt;&lt;WKT&gt;GEOGCS[&amp;quot;GCS_WGS_1984&amp;quot;,DATUM[&amp;quot;D_WGS_1984&amp;quot;,SPHEROID[&amp;quot;WGS_1984&amp;quot;,6378137.0,298.257223563]],PRIMEM[&amp;quot;Greenwich&amp;quot;,0.0],UNIT[&amp;quot;Degree&amp;quot;,0.0174532925199433],AUTHORITY[&amp;quot;EPSG&amp;quot;,4326]]&lt;/WKT&gt;&lt;XOrigin&gt;-400&lt;/XOrigin&gt;&lt;YOrigin&gt;-400&lt;/YOrigin&gt;&lt;XYScale&gt;999999999.99999988&lt;/XYScale&gt;&lt;ZOrigin&gt;-100000&lt;/ZOrigin&gt;&lt;ZScale&gt;10000&lt;/ZScale&gt;&lt;MOrigin&gt;-100000&lt;/MOrigin&gt;&lt;MScale&gt;10000&lt;/MScale&gt;&lt;XYTolerance&gt;8.983152841195215e-009&lt;/XYTolerance&gt;&lt;ZTolerance&gt;0.001&lt;/ZTolerance&gt;&lt;MTolerance&gt;0.001&lt;/MTolerance&gt;&lt;HighPrecision&gt;true&lt;/HighPrecision&gt;&lt;LeftLongitude&gt;-180&lt;/LeftLongitude&gt;&lt;WKID&gt;4326&lt;/WKID&gt;&lt;LatestWKID&gt;4326&lt;/LatestWKID&gt;&lt;/GeographicCoordinateSystem&gt;</peXml></coordRef></DataProperties><SyncDate>20180214</SyncDate><SyncTime>19044600</SyncTime><ModDate>20180214</ModDate><ModTime>19044600</ModTime></Esri><dataIdInfo><envirDesc Sync="TRUE">Microsoft Windows 7 Version 6.1 (Build 7601) Service Pack 1; Esri ArcGIS 10.5.1.7333</envirDesc><dataLang><languageCode value="eng" Sync="TRUE"></languageCode><countryCode value="USA" Sync="TRUE"></countryCode></dataLang><idCitation><resTitle Sync="TRUE">NER_adm0_IGNN_REACH_2017</resTitle><presForm><PresFormCd value="005" Sync="TRUE"></PresFormCd></presForm></idCitation><spatRpType><SpatRepTypCd value="001" Sync="TRUE"></SpatRepTypCd></spatRpType></dataIdInfo><mdLang><languageCode value="eng" Sync="TRUE"></languageCode><countryCode value="USA" Sync="TRUE"></countryCode></mdLang><distInfo><distFormat><formatName Sync="TRUE">File Geodatabase Feature Class</formatName></distFormat></distInfo><mdHrLv><ScopeCd value="005" Sync="TRUE"></ScopeCd></mdHrLv><mdHrLvName Sync="TRUE">dataset</mdHrLvName><refSysInfo><RefSystem><refSysID><identCode code="4326" Sync="TRUE"></identCode><idCodeSpace Sync="TRUE">EPSG</idCodeSpace><idVersion Sync="TRUE">6.14(3.0.1)</idVersion></refSysID></RefSystem></refSysInfo><spatRepInfo><VectSpatRep><geometObjs Name="NER_adm0_IGNN_REACH_2017"><geoObjTyp><GeoObjTypCd value="002" Sync="TRUE"></GeoObjTypCd></geoObjTyp><geoObjCnt Sync="TRUE">0</geoObjCnt></geometObjs><topLvl><TopoLevCd value="001" Sync="TRUE"></TopoLevCd></topLvl></VectSpatRep></spatRepInfo><spdoinfo><ptvctinf><esriterm Name="NER_adm0_IGNN_REACH_2017"><efeatyp Sync="TRUE">Simple</efeatyp><efeageom code="4" Sync="TRUE"></efeageom><esritopo Sync="TRUE">FALSE</esritopo><efeacnt Sync="TRUE">0</efeacnt><spindex Sync="TRUE">TRUE</spindex><linrefer Sync="TRUE">FALSE</linrefer></esriterm></ptvctinf></spdoinfo><eainfo><detailed Name="NER_adm0_IGNN_REACH_2017"><enttyp><enttypl Sync="TRUE">NER_adm0_IGNN_REACH_2017</enttypl><enttypt Sync="TRUE">Feature Class</enttypt><enttypc Sync="TRUE">0</enttypc></enttyp><attr><attrlabl Sync="TRUE">OBJECTID</attrlabl><attalias Sync="TRUE">OBJECTID</attalias><attrtype Sync="TRUE">OID</attrtype><attwidth Sync="TRUE">4</attwidth><atprecis Sync="TRUE">0</atprecis><attscale Sync="TRUE">0</attscale><attrdef Sync="TRUE">Internal feature number.</attrdef><attrdefs Sync="TRUE">Esri</attrdefs><attrdomv><udom Sync="TRUE">Sequential unique whole numbers that are automatically generated.</udom></attrdomv></attr><attr><attrlabl Sync="TRUE">Shape</attrlabl><attalias Sync="TRUE">Shape</attalias><attrtype Sync="TRUE">Geometry</attrtype><attwidth Sync="TRUE">0</attwidth><atprecis Sync="TRUE">0</atprecis><attscale Sync="TRUE">0</attscale><attrdef Sync="TRUE">Feature geometry.</attrdef><attrdefs Sync="TRUE">Esri</attrdefs><attrdomv><udom Sync="TRUE">Coordinates defining the features.</udom></attrdomv></attr><attr><attrlabl Sync="TRUE">ISO3</attrlabl><attalias Sync="TRUE">ISO3</attalias><attrtype Sync="TRUE">String</attrtype><attwidth Sync="TRUE">3</attwidth><atprecis Sync="TRUE">0</atprecis><attscale Sync="TRUE">0</attscale></attr><attr><attrlabl Sync="TRUE">Shape_Length</attrlabl><attalias Sync="TRUE">Shape_Length</attalias><attrtype Sync="TRUE">Double</attrtype><attwidth Sync="TRUE">8</attwidth><atprecis Sync="TRUE">0</atprecis><attscale Sync="TRUE">0</attscale><attrdef Sync="TRUE">Length of feature in internal units.</attrdef><attrdefs Sync="TRUE">Esri</attrdefs><attrdomv><udom Sync="TRUE">Positive real numbers that are automatically generated.</udom></attrdomv></attr><attr><attrlabl Sync="TRUE">Shape_Area</attrlabl><attalias Sync="TRUE">Shape_Area</attalias><attrtype Sync="TRUE">Double</attrtype><attwidth Sync="TRUE">8</attwidth><atprecis Sync="TRUE">0</atprecis><attscale Sync="TRUE">0</attscale><attrdef Sync="TRUE">Area of feature in internal units squared.</attrdef><attrdefs Sync="TRUE">Esri</attrdefs><attrdomv><udom Sync="TRUE">Positive real numbers that are automatically generated.</udom></attrdomv></attr></detailed></eainfo><mdDateSt Sync="TRUE">20180214</mdDateSt></metadata>
