<?xml version="1.0"?>
<!--<!DOCTYPE metadata SYSTEM "http://www.esri.com/metadata/esriprof80.dtd">-->
<metadata xml:lang="en"><Esri><CreaDate>20091110</CreaDate><CreaTime>09275800</CreaTime><SyncOnce>FALSE</SyncOnce><SyncDate>20100310</SyncDate><SyncTime>12380000</SyncTime><ModDate>20100310</ModDate><ModTime>12380000</ModTime><MetaID>{D422A455-80D7-409E-B52E-40E6F7437C97}</MetaID></Esri><idinfo><native Sync="TRUE">Microsoft Windows XP Version 5.1 (Build 2600) Service Pack 3; ESRI ArcCatalog 9.3.1.3000</native><descript><langdata Sync="TRUE">en</langdata><abstract>REQUIRED: A brief narrative summary of the data set.</abstract><purpose>REQUIRED: A summary of the intentions with which the data set was developed.</purpose></descript><citation><citeinfo><origin>REQUIRED: The name of an organization or individual that developed the data set.</origin><pubdate>REQUIRED: The date when the data set is published or otherwise made available for release.</pubdate><title Sync="TRUE">SEN_Roads</title><ftname Sync="TRUE">SEN_Roads</ftname><geoform Sync="TRUE">vector digital data</geoform><onlink Sync="TRUE">\\DRGAMD02\E$\aicd\web\Roads\SEN_Roads.shp</onlink></citeinfo></citation><timeperd><current>REQUIRED: The basis on which the time period of content information is determined.</current><timeinfo><sngdate><caldate>REQUIRED: The year (and optionally month, or month and day) for which the data set corresponds to the ground.</caldate></sngdate></timeinfo></timeperd><status><progress>REQUIRED: The state of the data set.</progress><update>REQUIRED: The frequency with which changes and additions are made to the data set after the initial data set is completed.</update></status><spdom><bounding><westbc Sync="TRUE">-17.352260</westbc><eastbc Sync="TRUE">-11.379930</eastbc><northbc Sync="TRUE">16.659347</northbc><southbc Sync="TRUE">12.326016</southbc></bounding><lboundng><leftbc Sync="TRUE">-17.352260</leftbc><rightbc Sync="TRUE">-11.379930</rightbc><bottombc Sync="TRUE">12.326016</bottombc><topbc Sync="TRUE">16.659347</topbc></lboundng></spdom><keywords><theme><themekt>REQUIRED: Reference to a formally registered thesaurus or a similar authoritative source of theme keywords.</themekt><themekey>REQUIRED: Common-use word or phrase used to describe the subject of the data set.</themekey></theme></keywords><accconst>REQUIRED: Restrictions and legal prerequisites for accessing the data set.</accconst><useconst>REQUIRED: Restrictions and legal prerequisites for using the data set after access is granted.</useconst><natvform Sync="TRUE">Shapefile</natvform></idinfo><dataIdInfo><envirDesc Sync="TRUE">Microsoft Windows XP Version 5.1 (Build 2600) Service Pack 3; ESRI ArcCatalog 9.3.1.3000</envirDesc><dataLang><languageCode Sync="TRUE" value="en"></languageCode></dataLang><idCitation><resTitle>Senegal Roads</resTitle><presForm><PresFormCd Sync="TRUE" value="005"></PresFormCd></presForm><resRefDate><refDate>2009</refDate><refDateType><DateTypCd value="001"></DateTypCd></refDateType></resRefDate><resRefDate><refDate>20091112</refDate><refDateType><DateTypCd value="002"></DateTypCd></refDateType></resRefDate><citRespParty><rpIndName>Tecsult</rpIndName><rpOrgName>Tecsult</rpOrgName><rpPosName>World Bank Consultant</rpPosName><role><RoleCd value="008"></RoleCd></role></citRespParty></idCitation><spatRpType><SpatRepTypCd Sync="TRUE" value="001"></SpatRepTypCd></spatRpType><dataExt><geoEle><GeoBndBox esriExtentType="native"><westBL Sync="TRUE">-17.35226</westBL><eastBL Sync="TRUE">-11.37993</eastBL><northBL Sync="TRUE">16.659347</northBL><southBL Sync="TRUE">12.326016</southBL><exTypeCode Sync="TRUE">1</exTypeCode></GeoBndBox></geoEle><tempEle><TempExtent><exTemp><TM_GeometricPrimitive><TM_Instant><tmPosition><TM_CalDate><calDate>2002</calDate></TM_CalDate></tmPosition></TM_Instant></TM_GeometricPrimitive></exTemp></TempExtent></tempEle></dataExt><geoBox esriExtentType="decdegrees"><westBL Sync="TRUE">-17.35226</westBL><eastBL Sync="TRUE">-11.37993</eastBL><northBL Sync="TRUE">16.659347</northBL><southBL Sync="TRUE">12.326016</southBL><exTypeCode Sync="TRUE">1</exTypeCode></geoBox><idAbs>Data on road surface type, condition and traffic volume were compiled by Tecsult for the AICD study led by the World Bank.  Roads data from the AATR (Autonomous Agency of Road Works) were reviewed and transport experts were consulted in an effort to derive estimates for all of the primary and secondary road network.

The following attributes were collected:
UNIFORM_ID: ID of the link,
ADM2_NAME: Name of the 1st level of administrative division (region),
ADM2_ID: ID of the administrative division,
ADM3_NAME: Name of the secondary administrative division (province),
ADM3_ID: ID of the secondary administrative division ,
ROAD_ID: ID of the road,
ROAD_NAME: Name of the road,
START_NODE: Name of the locality where the link starts,
END_NODE: Name of the locality where the link finishes,
LINK_NAME: Name of the link,
RD_TYPE: World Bank functional classification ,
LOCAL_CLS: Local classification,
LENGTH: Length of link (km),
ROAD_WIDTH: Width of road (m),
AADT_CODE1 AND AADT_CODE2: Classification of condition of traffic ,
AADT_VALUE1: Value of condition of traffic,
AADT_VALUE2: Value of condition of traffic with the % of heavy vehicle,
AADT_SOURCE: Source of traffic,
SURF_TYPE_CODE: Classification of surface type ,
SURF_TYPE_VALUE: Value of surface type ,
SURF_TYPE_SOURCE: Source of surface type,
ROAD_COND_CODE: Classification of road condition ,
ROAD_COND_VALUE: Value of road condition ,
ROAD_COND_SOURCE: Source of road condition,
LANE_NB: Number of lanes,
AICD_REG: Roads providing essential regional connectivity as defined by AICD,
TAH: Trans-African Highway Corridors

Attribute values may be unknown (value = -99) for any of the descriptive characteristics.</idAbs><tpCat><TopicCatCd value="018"></TopicCatCd></tpCat><descKeys KeyTypCd="002"><keyTyp><KeyTypCd value="002"></KeyTypCd></keyTyp><keyword>Africa</keyword><keyword>Senegal</keyword></descKeys></dataIdInfo><metainfo><langmeta Sync="TRUE">en</langmeta><metstdn Sync="TRUE">FGDC Content Standards for Digital Geospatial Metadata</metstdn><metstdv Sync="TRUE">FGDC-STD-001-1998</metstdv><mettc Sync="TRUE">local time</mettc><metc><cntinfo><cntorgp><cntper>REQUIRED: The person responsible for the metadata information.</cntper><cntorg>REQUIRED: The organization responsible for the metadata information.</cntorg></cntorgp><cntaddr><addrtype>REQUIRED: The mailing and/or physical address for the organization or individual.</addrtype><city>REQUIRED: The city of the address.</city><state>REQUIRED: The state or province of the address.</state><postal>REQUIRED: The ZIP or other postal code of the address.</postal></cntaddr><cntvoice>REQUIRED: The telephone number by which individuals can speak to the organization or individual.</cntvoice></cntinfo></metc><metd Sync="TRUE">20100310</metd><metextns><onlink Sync="TRUE">http://www.esri.com/metadata/esriprof80.html</onlink><metprof Sync="TRUE">ESRI Metadata Profile</metprof></metextns></metainfo><mdLang><languageCode Sync="TRUE" value="en"></languageCode></mdLang><mdStanName Sync="TRUE">ISO 19115 Geographic Information - Metadata</mdStanName><mdStanVer Sync="TRUE">DIS_ESRI1.0</mdStanVer><mdChar><CharSetCd Sync="TRUE" value="004"></CharSetCd></mdChar><mdHrLv><ScopeCd Sync="TRUE" value="005"></ScopeCd></mdHrLv><mdHrLvName Sync="TRUE">dataset</mdHrLvName><distinfo><resdesc Sync="TRUE">Downloadable Data</resdesc><stdorder><digform><digtinfo><transize Sync="TRUE">0.190</transize><dssize Sync="TRUE">0.190</dssize></digtinfo></digform></stdorder></distinfo><distInfo><distributor><distorTran><onLineSrc><orDesc Sync="TRUE">002</orDesc><linkage>http://wbes922m.worldbank.org/aicd/tools/maps</linkage><protocol>WWW download</protocol><orFunct><OnFunctCd value="001"></OnFunctCd></orFunct></onLineSrc><transSize Sync="TRUE">0.190</transSize></distorTran><distorFormat><formatName Sync="TRUE">Shapefile</formatName><formatVer>ArcMap v 9.2</formatVer></distorFormat><distorCont><rpIndName>Africa Infrastructure Country Diagnostic</rpIndName><rpOrgName>The World Bank</rpOrgName><rpPosName>regional study</rpPosName><role><RoleCd value="005"></RoleCd></role></distorCont></distributor></distInfo><spdoinfo><direct Sync="TRUE">Vector</direct><ptvctinf><esriterm Name="SEN_Roads"><efeatyp Sync="TRUE">Simple</efeatyp><efeageom Sync="TRUE">Polyline</efeageom><esritopo Sync="TRUE">FALSE</esritopo><efeacnt Sync="TRUE">1140</efeacnt><spindex Sync="TRUE">TRUE</spindex><linrefer Sync="TRUE">FALSE</linrefer></esriterm><sdtsterm Name="SEN_Roads"><sdtstype Sync="TRUE">String</sdtstype><ptvctcnt Sync="TRUE">1140</ptvctcnt></sdtsterm></ptvctinf></spdoinfo><spref><horizsys><cordsysn><geogcsn Sync="TRUE">GCS_WGS_1984</geogcsn></cordsysn><geograph><geogunit Sync="TRUE">Decimal degrees</geogunit><latres Sync="TRUE">0.000000</latres><longres Sync="TRUE">0.000000</longres></geograph><geodetic><horizdn Sync="TRUE">D_WGS_1984</horizdn><ellips Sync="TRUE">WGS_1984</ellips><semiaxis Sync="TRUE">6378137.000000</semiaxis><denflat Sync="TRUE">298.257224</denflat></geodetic></horizsys></spref><refSysInfo><RefSystem><refSysID><identCode Sync="TRUE">GCS_WGS_1984</identCode></refSysID></RefSystem></refSysInfo><spatRepInfo><VectSpatRep><topLvl><TopoLevCd Sync="TRUE" value="001"></TopoLevCd></topLvl><geometObjs Name="SEN_Roads"><geoObjTyp><GeoObjTypCd Sync="TRUE" value="001"></GeoObjTypCd></geoObjTyp><geoObjCnt Sync="TRUE">1140</geoObjCnt></geometObjs></VectSpatRep></spatRepInfo><eainfo><detailed Name="SEN_Roads"><enttyp><enttypl Sync="TRUE">SEN_Roads</enttypl><enttypt Sync="TRUE">Feature Class</enttypt><enttypc Sync="TRUE">1140</enttypc></enttyp><attr><attrlabl Sync="TRUE">FID</attrlabl><attalias Sync="TRUE">FID</attalias><attrtype Sync="TRUE">OID</attrtype><attwidth Sync="TRUE">4</attwidth><atprecis Sync="TRUE">0</atprecis><attscale Sync="TRUE">0</attscale><attrdef Sync="TRUE">Internal feature number.</attrdef><attrdefs Sync="TRUE">ESRI</attrdefs><attrdomv><udom Sync="TRUE">Sequential unique whole numbers that are automatically generated.</udom></attrdomv></attr><attr><attrlabl Sync="TRUE">Shape</attrlabl><attalias Sync="TRUE">Shape</attalias><attrtype Sync="TRUE">Geometry</attrtype><attwidth Sync="TRUE">0</attwidth><atprecis Sync="TRUE">0</atprecis><attscale Sync="TRUE">0</attscale><attrdef Sync="TRUE">Feature geometry.</attrdef><attrdefs Sync="TRUE">ESRI</attrdefs><attrdomv><udom Sync="TRUE">Coordinates defining the features.</udom></attrdomv></attr><attr><attrlabl Sync="TRUE">UNIFORM_ID</attrlabl><attalias Sync="TRUE">UNIFORM_ID</attalias><attrtype Sync="TRUE">String</attrtype><attwidth Sync="TRUE">254</attwidth></attr><attr><attrlabl Sync="TRUE">ADM2_NAME</attrlabl><attalias Sync="TRUE">ADM2_NAME</attalias><attrtype Sync="TRUE">String</attrtype><attwidth Sync="TRUE">254</attwidth></attr><attr><attrlabl Sync="TRUE">ADM2_ID</attrlabl><attalias Sync="TRUE">ADM2_ID</attalias><attrtype Sync="TRUE">Float</attrtype><attwidth Sync="TRUE">19</attwidth><atnumdec Sync="TRUE">11</atnumdec></attr><attr><attrlabl Sync="TRUE">ADM3_NAME</attrlabl><attalias Sync="TRUE">ADM3_NAME</attalias><attrtype Sync="TRUE">String</attrtype><attwidth Sync="TRUE">254</attwidth></attr><attr><attrlabl Sync="TRUE">ADM3_ID</attrlabl><attalias Sync="TRUE">ADM3_ID</attalias><attrtype Sync="TRUE">Float</attrtype><attwidth Sync="TRUE">19</attwidth><atnumdec Sync="TRUE">11</atnumdec></attr><attr><attrlabl Sync="TRUE">ROAD_ID</attrlabl><attalias Sync="TRUE">ROAD_ID</attalias><attrtype Sync="TRUE">Float</attrtype><attwidth Sync="TRUE">19</attwidth><atnumdec Sync="TRUE">11</atnumdec></attr><attr><attrlabl Sync="TRUE">ROAD_NAME</attrlabl><attalias Sync="TRUE">ROAD_NAME</attalias><attrtype Sync="TRUE">String</attrtype><attwidth Sync="TRUE">254</attwidth></attr><attr><attrlabl Sync="TRUE">START_NODE</attrlabl><attalias Sync="TRUE">START_NODE</attalias><attrtype Sync="TRUE">String</attrtype><attwidth Sync="TRUE">254</attwidth></attr><attr><attrlabl Sync="TRUE">END_NODE</attrlabl><attalias Sync="TRUE">END_NODE</attalias><attrtype Sync="TRUE">String</attrtype><attwidth Sync="TRUE">254</attwidth></attr><attr><attrlabl Sync="TRUE">LINK_NAME</attrlabl><attalias Sync="TRUE">LINK_NAME</attalias><attrtype Sync="TRUE">String</attrtype><attwidth Sync="TRUE">254</attwidth></attr><attr><attrlabl Sync="TRUE">RD_TYPE</attrlabl><attalias Sync="TRUE">RD_TYPE</attalias><attrtype Sync="TRUE">Float</attrtype><attwidth Sync="TRUE">19</attwidth><atnumdec Sync="TRUE">11</atnumdec></attr><attr><attrlabl Sync="TRUE">LOCAL_CLS</attrlabl><attalias Sync="TRUE">LOCAL_CLS</attalias><attrtype Sync="TRUE">Float</attrtype><attwidth Sync="TRUE">19</attwidth><atnumdec Sync="TRUE">11</atnumdec></attr><attr><attrlabl Sync="TRUE">LENGTH</attrlabl><attalias Sync="TRUE">LENGTH</attalias><attrtype Sync="TRUE">Float</attrtype><attwidth Sync="TRUE">19</attwidth><atnumdec Sync="TRUE">11</atnumdec></attr><attr><attrlabl Sync="TRUE">ROAD_WIDTH</attrlabl><attalias Sync="TRUE">ROAD_WIDTH</attalias><attrtype Sync="TRUE">Float</attrtype><attwidth Sync="TRUE">19</attwidth><atnumdec Sync="TRUE">11</atnumdec></attr><attr><attrlabl Sync="TRUE">AADT_CODE1</attrlabl><attalias Sync="TRUE">AADT_CODE1</attalias><attrtype Sync="TRUE">Float</attrtype><attwidth Sync="TRUE">19</attwidth><atnumdec Sync="TRUE">11</atnumdec></attr><attr><attrlabl Sync="TRUE">AADT_VALUE</attrlabl><attalias Sync="TRUE">AADT_VALUE</attalias><attrtype Sync="TRUE">Number</attrtype><attwidth Sync="TRUE">4</attwidth></attr><attr><attrlabl Sync="TRUE">AADT_CODE2</attrlabl><attalias Sync="TRUE">AADT_CODE2</attalias><attrtype Sync="TRUE">String</attrtype><attwidth Sync="TRUE">254</attwidth></attr><attr><attrlabl Sync="TRUE">AADT_VAL_1</attrlabl><attalias Sync="TRUE">AADT_VAL_1</attalias><attrtype Sync="TRUE">Number</attrtype><attwidth Sync="TRUE">4</attwidth></attr><attr><attrlabl Sync="TRUE">AADT_SOURC</attrlabl><attalias Sync="TRUE">AADT_SOURC</attalias><attrtype Sync="TRUE">String</attrtype><attwidth Sync="TRUE">254</attwidth></attr><attr><attrlabl Sync="TRUE">SURF_TYPE_</attrlabl><attalias Sync="TRUE">SURF_TYPE_</attalias><attrtype Sync="TRUE">Float</attrtype><attwidth Sync="TRUE">19</attwidth><atnumdec Sync="TRUE">11</atnumdec></attr><attr><attrlabl Sync="TRUE">SURF_TYPE1</attrlabl><attalias Sync="TRUE">SURF_TYPE1</attalias><attrtype Sync="TRUE">String</attrtype><attwidth Sync="TRUE">50</attwidth></attr><attr><attrlabl Sync="TRUE">SURF_TYP_1</attrlabl><attalias Sync="TRUE">SURF_TYP_1</attalias><attrtype Sync="TRUE">String</attrtype><attwidth Sync="TRUE">50</attwidth></attr><attr><attrlabl Sync="TRUE">ROAD_COND_</attrlabl><attalias Sync="TRUE">ROAD_COND_</attalias><attrtype Sync="TRUE">String</attrtype><attwidth Sync="TRUE">50</attwidth></attr><attr><attrlabl Sync="TRUE">ROAD_COND1</attrlabl><attalias Sync="TRUE">ROAD_COND1</attalias><attrtype Sync="TRUE">Number</attrtype><attwidth Sync="TRUE">9</attwidth></attr><attr><attrlabl Sync="TRUE">ROAD_CON_1</attrlabl><attalias Sync="TRUE">ROAD_CON_1</attalias><attrtype Sync="TRUE">String</attrtype><attwidth Sync="TRUE">50</attwidth></attr><attr><attrlabl Sync="TRUE">LANE_NB</attrlabl><attalias Sync="TRUE">LANE_NB</attalias><attrtype Sync="TRUE">Float</attrtype><attwidth Sync="TRUE">19</attwidth><atnumdec Sync="TRUE">11</atnumdec></attr><attr><attrlabl Sync="TRUE">iso3</attrlabl><attalias Sync="TRUE">iso3</attalias><attrtype Sync="TRUE">String</attrtype><attwidth Sync="TRUE">50</attwidth></attr><attr><attrlabl Sync="TRUE">AICD_REG</attrlabl><attalias Sync="TRUE">AICD_REG</attalias><attrtype Sync="TRUE">Number</attrtype><attwidth Sync="TRUE">4</attwidth></attr><attr><attrlabl Sync="TRUE">TAH</attrlabl><attalias Sync="TRUE">TAH</attalias><attrtype Sync="TRUE">Number</attrtype><attwidth Sync="TRUE">4</attwidth></attr></detailed></eainfo><mdDateSt Sync="TRUE">20100310</mdDateSt><mdContact><rpIndName>Siobhan Murray</rpIndName><rpOrgName>The World Bank</rpOrgName><rpPosName>GIS analyst</rpPosName><role><RoleCd value="006"></RoleCd></role></mdContact><dqInfo><dataLineage><statement>Data were compiled by Tecsult under contract for the AICD study led by the World Bank.  Data provided by the AATR (Autonomous Agency of Road Works) were linked to line features from the roads layer of VMAP0.

Roads providing essential connectivity (defined by the AICD study) and Trans-African Highways were identified by the World Bank team.</statement></dataLineage><dqScope><scpLvl><ScopeCd value="005"></ScopeCd></scpLvl></dqScope></dqInfo><dataqual><lineage><procstep><procdesc Sync="TRUE">Metadata imported.</procdesc><srcused Sync="TRUE">F:\aicd_27oct09\AFR_GIS_Data\BWA\Transportation\Final_Botswana_Roads_Version01.shp.xml</srcused><procdate Sync="TRUE">20091109</procdate><proctime Sync="TRUE">22452000</proctime></procstep><procstep><procdesc Sync="TRUE">Dataset copied.</procdesc><srcused Sync="TRUE">F:\aicd_27oct09\AFR_GIS_Data\BEN\Transportation\BJ_Roads</srcused><procdate Sync="TRUE">20091110</procdate><proctime Sync="TRUE">08110900</proctime></procstep><procstep><procdesc Sync="TRUE">Metadata imported.</procdesc><srcused Sync="TRUE">F:\aicd_27oct09\web\Roads\BEN_Roads.shp.xml</srcused><procdate Sync="TRUE">20091110</procdate><proctime Sync="TRUE">08364900</proctime></procstep><procstep><procdesc Sync="TRUE">Metadata imported.</procdesc><srcused Sync="TRUE">F:\aicd_27oct09\web\Roads\COD_roads.shp.xml</srcused><procdate Sync="TRUE">20091110</procdate><proctime Sync="TRUE">09012600</proctime></procstep><procstep><procdesc Sync="TRUE">Metadata imported.</procdesc><srcused Sync="TRUE">F:\aicd_27oct09\web\Roads\COG_roads.shp.xml</srcused><procdate Sync="TRUE">20091110</procdate><proctime Sync="TRUE">09275800</proctime></procstep></lineage></dataqual></metadata>
